team,conference,erc,colley,fbs_wins,fbs_losses,fbs_games,erc_rank,colley_rank
Akron,Mid-American,-20.834293179315868,0.23147032549755067,0,4,4,138,122
Southern Miss,Sun Belt,-19.880845056361323,0.16530065671877914,0,3,3,137,137
Sacramento State,Mid-American,-19.289896308679424,0.21788020084914636,0,4,4,136,127
Charlotte,American Athletic,-18.84323992224515,0.24511530566230172,0,4,4,135,119
Hawai'i,Mountain West,-17.052769389092024,0.22003254908170658,1,4,5,134,126
UL Monroe,Sun Belt,-16.145900841716216,0.21361417909551497,0,4,4,133,129
Western Kentucky,Conference USA,-15.953267185442673,0.18241156239307146,0,4,4,132,135
UTEP,Mountain West,-14.848832665608182,0.1987486309448291,0,4,4,131,133
Washington State,Pac-12,-14.71938785007527,0.23247875930961073,0,4,4,130,121
Northern Illinois,Mountain West,-14.556904103939594,0.27817610395034875,0,3,3,129,114
Rutgers,Big Ten,-13.679416361824284,0.22815911601729505,0,4,4,128,123
Wyoming,Mountain West,-13.2859394084984,0.3095101765731443,1,3,4,127,111
Old Dominion,Sun Belt,-13.005893405046864,0.2339052813867518,0,4,4,126,120
Missouri State,Conference USA,-12.656037536183916,0.22770263723378326,0,3,3,125,125
Coastal Carolina,Sun Belt,-12.394259356494562,0.10059352967969874,0,4,4,124,138
Delaware,Conference USA,-12.194142117719554,0.27387749567175224,1,3,4,123,115
UAB,American Athletic,-11.963572507994082,0.40627421044579975,2,2,4,122,93
New Mexico State,Conference USA,-11.633644489764245,0.25314317470378545,1,3,4,121,118
Middle Tennessee,Conference USA,-11.523025244516454,0.27224170328781205,1,3,4,120,116
Ball State,Mid-American,-11.245886713309773,0.19598990757792203,0,4,4,119,134
Georgia Tech,ACC,-11.209203536410278,0.20047805046573147,0,3,3,118,131
UConn,FBS Independents,-10.409118073559398,0.21693018619284465,1,3,4,117,128
Kennesaw State,Conference USA,-10.373921690072411,0.19983505274902258,0,3,3,116,132
Boston College,ACC,-10.320894094244807,0.35124104875011536,1,3,4,115,106
Arkansas State,Sun Belt,-10.150940365105045,0.29943734463178134,1,3,4,114,113
App State,Sun Belt,-10.107604726093957,0.534393607264138,2,1,3,113,60
Tulane,American Athletic,-9.883867365118705,0.5019066912697119,2,2,4,112,68
Stanford,ACC,-9.674384368160295,0.4686210878712589,2,3,5,111,77
Buffalo,Mid-American,-9.643733062841688,0.1751429438511137,0,3,3,110,136
Miami (OH),Mid-American,-9.504110018409545,0.3459710772778257,1,3,4,109,108
Arizona State,Big 12,-8.467347186867356,0.4205558229755594,1,2,3,108,90
Marshall,Sun Belt,-8.39265799724636,0.4724698831570689,2,2,4,107,75
Navy,American Athletic,-8.09543635080536,0.21090584225730785,0,3,3,106,130
California,ACC,-7.975490874923989,0.37770212168368267,1,3,4,105,100
San José State,Mountain West,-7.886151030125005,0.5121855956075153,2,2,4,104,67
Syracuse,ACC,-7.663392599790358,0.3834405557953071,1,2,3,103,96
Nevada,Mountain West,-7.40376665079356,0.30183379178700326,1,2,3,102,112
Bowling Green,Mid-American,-6.897975307605945,0.38093028346730445,1,3,4,101,99
NC State,ACC,-6.893916267897237,0.4884515495336369,2,2,4,100,72
Massachusetts,Mid-American,-6.738361184068186,0.4748159745632034,2,1,3,99,74
Kent State,Mid-American,-6.020444183811636,0.31455891464431773,1,3,4,98,109
Eastern Michigan,Mid-American,-5.921288286036122,0.4280405559495756,2,3,5,97,88
Louisiana,Sun Belt,-5.845787058274448,0.621880247832991,3,1,4,96,41
Colorado State,Pac-12,-5.606107467859447,0.37708854496285477,1,3,4,95,101
South Alabama,Sun Belt,-5.418635078922229,0.4958287416762769,2,2,4,94,71
Jacksonville State,Conference USA,-5.379673958033573,0.4771269226816934,2,2,4,93,73
East Carolina,American Athletic,-5.261175392474685,0.43840118112475146,1,2,3,92,85
San Diego State,Pac-12,-4.755698381549692,0.4282755661835266,1,3,4,91,87
Kansas,Big 12,-4.267037180662984,0.38201962210110657,1,2,3,90,97
Georgia Southern,Sun Belt,-4.182659639484589,0.31433853012898966,1,3,4,89,110
UNLV,Mountain West,-4.108210244576865,0.49676780881624205,3,2,5,88,70
Louisiana Tech,Sun Belt,-3.8710491415083808,0.44778073029910187,1,2,3,87,84
Rice,American Athletic,-3.83561585914673,0.2691017144658924,0,4,4,86,117
Central Michigan,Mid-American,-3.83216563738835,0.5001011331679519,2,2,4,85,69
Ohio,Mid-American,-3.809260999808892,0.5163424704470065,2,2,4,84,64
Vanderbilt,SEC,-3.677218204088082,0.5245074687786629,2,2,4,83,62
Cincinnati,Big 12,-3.4282604372499232,0.6553955229067968,3,1,4,82,33
Air Force,Mountain West,-3.0594901180862273,0.5545156932541329,2,1,3,81,55
Colorado,Big 12,-3.0047485271708236,0.3810584720406281,1,3,4,80,98
Florida International,Conference USA,-2.985512418479585,0.36961337106942754,1,2,3,79,103
Illinois,Big Ten,-1.7671657811802888,0.39124499348898406,1,3,4,78,95
Temple,American Athletic,-1.7094394045168582,0.34930908506505776,1,3,4,77,107
Sam Houston,Conference USA,-1.6972894402701315,0.22814661352716917,0,3,3,76,124
Virginia,ACC,-1.49927335701204,0.4593806519063349,2,2,4,75,80
Kansas State,Big 12,-1.235677685593087,0.5779561946972237,2,1,3,74,50
Minnesota,Big Ten,-1.232699872426006,0.6850749477857956,3,1,4,73,30
Army,American Athletic,-1.2011646997601995,0.37525488385471545,1,2,3,72,102
SMU,ACC,-1.126899984357364,0.5881273821429284,3,1,4,71,46
West Virginia,Big 12,-0.9944181154902765,0.4565618286116337,2,2,4,70,81
Washington,Big Ten,-0.8443627563376515,0.5151257020890782,2,2,4,69,65
Maryland,Big Ten,-0.5881246196762262,0.40686882736515567,1,3,4,68,92
Louisville,ACC,-0.29156878439488043,0.4124275692526855,1,3,4,67,91
Florida Atlantic,American Athletic,-0.2897986393418268,0.5937393075866069,3,1,4,66,44
Western Michigan,Mid-American,-0.21861699170675886,0.453465398830851,2,2,4,65,83
Michigan,Big Ten,0.36152320389753134,0.5780108442637384,3,2,5,64,49
Arkansas,SEC,0.4416556691301885,0.43323868089463996,1,3,4,63,86
Troy,Sun Belt,0.62319686856855,0.36763861539006615,1,2,3,62,104
Texas State,Pac-12,0.9777613105841887,0.42065705188004143,1,3,4,61,89
North Texas,American Athletic,1.1107430112778847,0.524860107198308,2,2,4,60,61
South Florida,American Athletic,1.301477042409335,0.5791846039094175,3,1,4,59,47
Iowa,Big Ten,1.977442417139958,0.6866484763395658,3,1,4,58,29
Tulsa,American Athletic,2.1043660929935406,0.46929273596117554,2,2,4,57,76
Oklahoma,SEC,2.156875345094676,0.5221384559451279,2,2,4,56,63
Fresno State,Pac-12,2.5038141837110857,0.6445858423557468,4,1,5,55,35
Purdue,Big Ten,2.8190929783137424,0.4550230620756393,1,3,4,54,82
Auburn,SEC,2.974932865258804,0.6076664061313392,3,2,5,53,43
Utah State,Pac-12,3.3510669435748577,0.3927458791810002,1,3,4,52,94
Toledo,Mid-American,3.464517221957629,0.5887790732709235,3,1,4,51,45
Georgia State,Sun Belt,3.6266182001168423,0.5470272266965611,3,1,4,50,58
UTSA,American Athletic,3.6886146809714777,0.6625219927438865,3,1,4,49,31
Clemson,ACC,3.9946945691303832,0.6080261026058797,3,2,5,48,42
Iowa State,Big 12,4.029022524044487,0.5498857759368331,2,2,4,47,57
Ole Miss,SEC,4.045190290553494,0.6911084206242333,3,1,4,46,28
Wake Forest,ACC,4.484868228456926,0.7068780632153144,4,1,5,45,25
Memphis,American Athletic,4.5352418048341745,0.623309558252448,3,1,4,44,40
Michigan State,Big Ten,4.569093387206895,0.5590998807990355,2,3,5,43,53
TCU,Big 12,4.729670674421894,0.35159920895622643,1,3,4,42,105
Virginia Tech,ACC,4.951000406452206,0.6357642714336719,3,1,4,41,38
Duke,ACC,4.999688360401793,0.772354554525991,3,0,3,40,15
USC,Big Ten,5.574604562246482,0.7804546262580623,5,1,6,39,10
Arizona,Big 12,5.698674857918512,0.657204816715616,3,1,4,38,32
North Carolina,ACC,5.802696644663259,0.4627324728853955,1,2,3,37,78
Texas A&M,SEC,5.875927968716672,0.5779159208689191,3,2,5,36,51
New Mexico,Mountain West,6.7105581380834805,0.579021899126949,3,1,4,35,48
Florida State,ACC,6.7609004773941965,0.5373930376209861,2,2,4,34,59
Liberty,Conference USA,6.794182446716276,0.5587833236658167,3,1,4,33,54
North Dakota State,Mountain West,6.996250051675581,0.759838832226353,4,0,4,32,18
South Carolina,SEC,7.546208124644125,0.4612029759545034,1,3,4,31,79
Baylor,Big 12,7.989067651344254,0.6428435719077714,3,1,4,30,36
Penn State,Big Ten,8.597412817325875,0.5526359493552899,3,2,5,29,56
Pittsburgh,ACC,8.718913744776922,0.822570471100008,4,0,4,28,5
Oregon State,Pac-12,10.02467784182096,0.5133205863331588,2,2,4,27,66
UCF,Big 12,10.443191999526098,0.5702469220932433,2,2,4,26,52
Oklahoma State,Big 12,10.562355131836368,0.6295110141469362,2,1,3,25,39
James Madison,Sun Belt,10.659983165718362,0.7822390090655272,4,0,4,24,9
Tennessee,SEC,10.727039690435646,0.6527106924167704,3,1,4,23,34
Kentucky,SEC,11.164488890954926,0.7431091092454281,3,1,4,22,19
Florida,SEC,12.067655053634008,0.76830245309739,3,1,4,21,16
Mississippi State,SEC,12.737368050722663,0.7858428148644064,4,1,5,20,8
Wisconsin,Big Ten,13.063356301149629,0.7323022398281285,3,1,4,19,20
Indiana,Big Ten,13.11802007744004,0.7624430465323894,4,0,4,18,17
BYU,Big 12,14.499251822938733,0.7771785141269395,3,0,3,17,12
LSU,SEC,14.923432219555346,0.7208051957330225,3,1,4,16,22
Georgia,SEC,15.404252704005865,0.7770493613352504,4,0,4,15,13
Ohio State,Big Ten,15.42716285322799,0.7138181338864743,4,1,5,14,24
Missouri,SEC,15.540295698065584,0.7173005842421615,3,1,4,13,23
UCLA,Big Ten,15.874944775540957,0.7779782628846671,4,0,4,12,11
Oregon,Big Ten,16.9016000136705,0.7217005061618721,2,1,3,11,21
Nebraska,Big Ten,17.23067441286132,0.8105402436797503,4,0,4,10,6
Northwestern,Big Ten,17.345055654419916,0.6392274935856617,2,1,3,9,37
Houston,Big 12,17.697565378788703,0.7002846258066661,3,1,4,8,26
Texas,SEC,17.867385931637173,0.9082846451545284,4,0,4,7,2
Boise State,Pac-12,18.892322942593196,0.698536890404362,3,1,4,6,27
Miami,ACC,19.08101190017729,0.8806043978100673,4,0,4,5,3
Texas Tech,Big 12,19.50505131329217,0.8038017162846041,4,0,4,4,7
Utah,Big 12,20.382075910804758,0.7751740672024945,3,0,3,3,14
Notre Dame,FBS Independents,22.683724690437337,0.8540370528648701,5,0,5,2,4
Alabama,SEC,25.654454549381114,0.923707016972868,5,0,5,1,1
